category,subcategory,symptoms,diagnosis_steps,chunk
ABS System,ABS Control Module,"['ABS warning light on', 'Brake pedal pulsation']","[{'step': 'Check ABS fuse', 'result': ['Blown', 'Intact']}, {'step': 'Inspect wiring to ABS module', 'result': ['Faulty wiring', 'Good wiring']}]",category abs system subcategory abs control module symptoms abs warning light on brake pedal pulsation diagnosis steps 1 check abs fuse blown intact 2 inspect wiring to abs module faulty wiring good wiring
ABS System,ABS Wheel Speed Sensor,"['ABS light stays on', 'Erratic speedometer']","[{'step': 'Inspect wheel speed sensor connections', 'result': ['Loose connections', 'Secure connections']}, {'step': 'Check wheel speed sensor for debris or damage', 'result': ['Dirty/damaged', 'Clean/intact']}]",category abs system subcategory abs wheel speed sensor symptoms abs light stays on erratic speedometer diagnosis steps 1 inspect wheel speed sensor connections loose connections secure connections 2 check wheel speed sensor for debris or damage dirty damaged clean intact
ABS System,Brake Booster,"['Spongy brake pedal', 'Hard brake pedal']","[{'step': 'Check brake booster vacuum hose', 'result': ['Leaking', 'Intact']}, {'step': 'Test brake booster vacuum pressure', 'result': ['Low vacuum pressure', 'Normal vacuum pressure']}]",category abs system subcategory brake booster symptoms spongy brake pedal hard brake pedal diagnosis steps 1 check brake booster vacuum hose leaking intact 2 test brake booster vacuum pressure low vacuum pressure normal vacuum pressure
ABS System,Brake Caliper,"['Brake pulling to one side', 'Brake dragging']","[{'step': 'Inspect brake caliper for leaks', 'result': ['Leaking fluid', 'No leaks']}, {'step': 'Check brake caliper piston operation', 'result': ['Stuck piston', 'Free-moving piston']}]",category abs system subcategory brake caliper symptoms brake pulling to one side brake dragging diagnosis steps 1 inspect brake caliper for leaks leaking fluid no leaks 2 check brake caliper piston operation stuck piston free moving piston
ABS System,Brake Hose,"['Brake fluid leak', 'Soft brake pedal']","[{'step': 'Inspect brake hose for cracks or leaks', 'result': ['Cracked/leaking hose', 'Intact hose']}, {'step': 'Pressure test brake hose', 'result': ['Failed pressure test', 'Passes pressure test']}]",category abs system subcategory brake hose symptoms brake fluid leak soft brake pedal diagnosis steps 1 inspect brake hose for cracks or leaks cracked leaking hose intact hose 2 pressure test brake hose failed pressure test passes pressure test
ABS System,Brake Master Cylinder,"['Spongy brake pedal', 'Brake fluid leaks']","[{'step': 'Check brake fluid level in master cylinder', 'result': ['Low fluid level', 'Normal fluid level']}, {'step': 'Inspect master cylinder for leaks or damage', 'result': ['Leaking/damaged', 'Intact']}]",category abs system subcategory brake master cylinder symptoms spongy brake pedal brake fluid leaks diagnosis steps 1 check brake fluid level in master cylinder low fluid level normal fluid level 2 inspect master cylinder for leaks or damage leaking damaged intact
ABS System,Brake Pad,"['Squealing brakes', 'Brake pedal pulsation']","[{'step': 'Check brake pad thickness', 'result': ['Worn pads', 'Sufficient thickness pads']}, {'step': 'Inspect brake pad condition', 'result': ['Worn/damaged pads', 'Good condition pads']}]",category abs system subcategory brake pad symptoms squealing brakes brake pedal pulsation diagnosis steps 1 check brake pad thickness worn pads sufficient thickness pads 2 inspect brake pad condition worn damaged pads good condition pads
ABS System,Brake Rotor,"['Brake pedal pulsation', 'Steering wheel vibration']","[{'step': 'Measure brake rotor thickness', 'result': ['Thin rotor', 'Sufficient thickness rotor']}, {'step': 'Inspect brake rotor for scoring or warping', 'result': ['Scored/warped rotor', 'Smooth rotor']}]",category abs system subcategory brake rotor symptoms brake pedal pulsation steering wheel vibration diagnosis steps 1 measure brake rotor thickness thin rotor sufficient thickness rotor 2 inspect brake rotor for scoring or warping scored warped rotor smooth rotor
ABS System,Brake Shoe & Drum,"['Spongy brake pedal', 'Brake dragging']","[{'step': 'Inspect brake shoes for wear', 'result': ['Worn shoes', 'Good condition shoes']}, {'step': 'Check brake drum for scoring or cracks', 'result': ['Scored/cracked drum', 'Smooth drum']}]",category abs system subcategory brake shoe drum symptoms spongy brake pedal brake dragging diagnosis steps 1 inspect brake shoes for wear worn shoes good condition shoes 2 check brake drum for scoring or cracks scored cracked drum smooth drum
Air Conditioning System,AC Compressor,"['No cold air from vents', 'Loud noise when AC is on']","[{'step': 'Check AC compressor clutch operation', 'result': ['Clutch not engaging', 'Clutch engages properly']}, {'step': 'Inspect AC compressor for leaks or damage', 'result': ['Leaking/damaged compressor', 'Intact compressor']}]",category air conditioning system subcategory ac compressor symptoms no cold air from vents loud noise when ac is on diagnosis steps 1 check ac compressor clutch operation clutch not engaging clutch engages properly 2 inspect ac compressor for leaks or damage leaking damaged compressor intact compressor
Air Conditioning System,AC Condenser,"['Warm air from AC vents', 'AC system not cooling']","[{'step': 'Inspect AC condenser for debris or blockage', 'result': ['Debris/blockage present', 'Clean/clear condenser']}, {'step': 'Check for leaks in AC condenser', 'result': ['Leaking condenser', 'No leaks']}]",category air conditioning system subcategory ac condenser symptoms warm air from ac vents ac system not cooling diagnosis steps 1 inspect ac condenser for debris or blockage debris blockage present clean clear condenser 2 check for leaks in ac condenser leaking condenser no leaks
Air Conditioning System,AC Evaporator,"['Musty odor from vents', 'Weak airflow from vents']","[{'step': 'Inspect AC evaporator for mold or mildew buildup', 'result': ['Mold/mildew present', 'Clean evaporator']}, {'step': 'Check AC evaporator temperature sensor', 'result': ['Faulty sensor', 'Good sensor']}]",category air conditioning system subcategory ac evaporator symptoms musty odor from vents weak airflow from vents diagnosis steps 1 inspect ac evaporator for mold or mildew buildup mold mildew present clean evaporator 2 check ac evaporator temperature sensor faulty sensor good sensor
Air Conditioning System,AC Recharge,"['Warm air from vents', 'Low AC system pressure']","[{'step': 'Check AC system pressure with gauge', 'result': ['Low pressure', 'Normal pressure']}, {'step': 'Inspect for leaks in AC system', 'result': ['Leaking system', 'No leaks']}]",category air conditioning system subcategory ac recharge symptoms warm air from vents low ac system pressure diagnosis steps 1 check ac system pressure with gauge low pressure normal pressure 2 inspect for leaks in ac system leaking system no leaks
Air Conditioning System,Air Conditioning Diagnosis,"['AC system not working', 'Unusual noise from AC system']","[{'step': 'Perform AC system diagnostic scan', 'result': ['Error codes present', 'No error codes']}, {'step': 'Check AC system components for proper operation', 'result': ['Component failure', 'Components working properly']}]",category air conditioning system subcategory air conditioning diagnosis symptoms ac system not working unusual noise from ac system diagnosis steps 1 perform ac system diagnostic scan error codes present no error codes 2 check ac system components for proper operation component failure components working properly
Air Conditioning System,Cabin Air Filter,"['Musty odor from vents', 'Reduced airflow from vents']","[{'step': 'Inspect and replace cabin air filter', 'result': ['Dirty/clogged filter', 'Clean/new filter']}, {'step': 'Check for debris in cabin air intake', 'result': ['Debris in intake', 'Clear intake']}]",category air conditioning system subcategory cabin air filter symptoms musty odor from vents reduced airflow from vents diagnosis steps 1 inspect and replace cabin air filter dirty clogged filter clean new filter 2 check for debris in cabin air intake debris in intake clear intake
Air Conditioning System,Heater Blower Motor,"['No air from vents', 'Loud noise from HVAC system']","[{'step': 'Test blower motor operation', 'result': ['Motor not running', 'Motor running properly']}, {'step': 'Inspect blower motor for debris or damage', 'result': ['Debris/damage present', 'Clean/intact motor']}]",category air conditioning system subcategory heater blower motor symptoms no air from vents loud noise from hvac system diagnosis steps 1 test blower motor operation motor not running motor running properly 2 inspect blower motor for debris or damage debris damage present clean intact motor
Air Conditioning System,Heater Blower Motor Resistor,"['HVAC fan speed erratic', 'HVAC fan only works on certain settings']","[{'step': 'Test blower motor resistor continuity', 'result': ['Resistor failure', 'Resistor working properly']}, {'step': 'Inspect resistor for overheating or burn marks', 'result': ['Overheated/burned resistor', 'Good condition resistor']}]",category air conditioning system subcategory heater blower motor resistor symptoms hvac fan speed erratic hvac fan only works on certain settings diagnosis steps 1 test blower motor resistor continuity resistor failure resistor working properly 2 inspect resistor for overheating or burn marks overheated burned resistor good condition resistor
Cooling System,Coolant/Antifreeze,"['Engine overheating', 'Coolant leaks under the vehicle']","[{'step': 'Check coolant level and condition', 'result': ['Low/dirty coolant', 'Sufficient/clean coolant']}, {'step': 'Inspect radiator and hoses for leaks', 'result': ['Leaking radiator/hoses', 'No leaks']}]",category cooling system subcategory coolant antifreeze symptoms engine overheating coolant leaks under the vehicle diagnosis steps 1 check coolant level and condition low dirty coolant sufficient clean coolant 2 inspect radiator and hoses for leaks leaking radiator hoses no leaks
Cooling System,Coolant Leak Diagnosis,"['Visible coolant puddle under vehicle', 'Coolant odor in cabin']","[{'step': 'Pressure test cooling system', 'result': ['Leaking system', 'No leaks detected']}, {'step': 'Inspect radiator, hoses, and water pump for leaks', 'result': ['Leaking component found', 'Components are intact']}]",category cooling system subcategory coolant leak diagnosis symptoms visible coolant puddle under vehicle coolant odor in cabin diagnosis steps 1 pressure test cooling system leaking system no leaks detected 2 inspect radiator hoses and water pump for leaks leaking component found components are intact
Cooling System,Engine Cooling System,"['Engine overheating', 'Temperature gauge in red zone']","[{'step': 'Check radiator for blockage or damage', 'result': ['Blocked/damaged radiator', 'Clear/intact radiator']}, {'step': 'Test thermostat operation', 'result': ['Faulty thermostat', 'Thermostat functioning properly']}]",category cooling system subcategory engine cooling system symptoms engine overheating temperature gauge in red zone diagnosis steps 1 check radiator for blockage or damage blocked damaged radiator clear intact radiator 2 test thermostat operation faulty thermostat thermostat functioning properly
Cooling System,Heater Core,"['No heat from vents', 'Sweet smell in cabin']","[{'step': 'Inspect heater core for leaks', 'result': ['Leaking heater core', 'No leaks detected']}, {'step': 'Check coolant flow through heater core', 'result': ['Restricted flow', 'Good coolant flow']}]",category cooling system subcategory heater core symptoms no heat from vents sweet smell in cabin diagnosis steps 1 inspect heater core for leaks leaking heater core no leaks detected 2 check coolant flow through heater core restricted flow good coolant flow
Cooling System,Heater Hose,"['Coolant odor in cabin', 'Visible coolant leak under vehicle']","[{'step': 'Inspect heater hose connections', 'result': ['Loose/damaged connections', 'Secure/intact connections']}, {'step': 'Pressure test heater hoses', 'result': ['Leaking hose detected', 'No leaks found']}]",category cooling system subcategory heater hose symptoms coolant odor in cabin visible coolant leak under vehicle diagnosis steps 1 inspect heater hose connections loose damaged connections secure intact connections 2 pressure test heater hoses leaking hose detected no leaks found
Cooling System,Radiator/Cooling Fan,"['Engine overheating', 'AC not cooling at idle']","[{'step': 'Test radiator fan operation', 'result': ['Fan not spinning', 'Fan operates correctly']}, {'step': 'Inspect radiator fan motor and relay', 'result': ['Faulty motor/relay', 'Motor/relay functioning properly']}]",category cooling system subcategory radiator cooling fan symptoms engine overheating ac not cooling at idle diagnosis steps 1 test radiator fan operation fan not spinning fan operates correctly 2 inspect radiator fan motor and relay faulty motor relay motor relay functioning properly
Cooling System,Radiator Hose,"['Coolant leak under vehicle', 'Visible wear/cracks on hoses']","[{'step': 'Inspect radiator hoses for damage', 'result': ['Damaged hoses found', 'Hoses are in good condition']}, {'step': 'Check hose connections for leaks', 'result': ['Leaking connections', 'No leaks detected']}]",category cooling system subcategory radiator hose symptoms coolant leak under vehicle visible wear cracks on hoses diagnosis steps 1 inspect radiator hoses for damage damaged hoses found hoses are in good condition 2 check hose connections for leaks leaking connections no leaks detected
Cooling System,Water Pump,"['Engine overheating', 'Coolant leak near front of engine']","[{'step': 'Inspect water pump for leaks', 'result': ['Leaking pump', 'No leaks detected']}, {'step': 'Test water pump for proper operation', 'result': ['Faulty pump', 'Pump working correctly']}]",category cooling system subcategory water pump symptoms engine overheating coolant leak near front of engine diagnosis steps 1 inspect water pump for leaks leaking pump no leaks detected 2 test water pump for proper operation faulty pump pump working correctly
Drivetrain,Bevel Gears,"['Whining noise from drivetrain', 'Difficulty shifting gears']","[{'step': 'Inspect bevel gears for wear or damage', 'result': ['Worn/damaged gears', 'Gears in good condition']}, {'step': 'Check gear oil level and condition', 'result': ['Low/dirty gear oil', 'Sufficient/clean gear oil']}]",category drivetrain subcategory bevel gears symptoms whining noise from drivetrain difficulty shifting gears diagnosis steps 1 inspect bevel gears for wear or damage worn damaged gears gears in good condition 2 check gear oil level and condition low dirty gear oil sufficient clean gear oil
Drivetrain,Center Differential,"['Vehicle binding on turns', 'Noise from drivetrain while turning']","[{'step': 'Inspect center differential fluid', 'result': ['Low/dirty fluid', 'Clean/sufficient fluid']}, {'step': 'Check for excessive play in center differential', 'result': ['Excessive play detected', 'No excessive play']}]",category drivetrain subcategory center differential symptoms vehicle binding on turns noise from drivetrain while turning diagnosis steps 1 inspect center differential fluid low dirty fluid clean sufficient fluid 2 check for excessive play in center differential excessive play detected no excessive play
Drivetrain,Clutch Cable,"['Clutch pedal feels loose', 'Difficulty engaging gears']","[{'step': 'Inspect clutch cable for fraying or stretching', 'result': ['Damaged cable', 'Intact cable']}, {'step': 'Adjust clutch cable tension', 'result': ['Incorrect tension', 'Correct tension']}]",category drivetrain subcategory clutch cable symptoms clutch pedal feels loose difficulty engaging gears diagnosis steps 1 inspect clutch cable for fraying or stretching damaged cable intact cable 2 adjust clutch cable tension incorrect tension correct tension
Drivetrain,Clutch Slave Cylinder,"['Clutch pedal feels spongy', 'Fluid leak near clutch pedal']","[{'step': 'Check clutch slave cylinder for leaks', 'result': ['Leaking cylinder', 'No leaks detected']}, {'step': 'Inspect clutch fluid level and condition', 'result': ['Low/dirty fluid', 'Sufficient/clean fluid']}]",category drivetrain subcategory clutch slave cylinder symptoms clutch pedal feels spongy fluid leak near clutch pedal diagnosis steps 1 check clutch slave cylinder for leaks leaking cylinder no leaks detected 2 inspect clutch fluid level and condition low dirty fluid sufficient clean fluid
Drivetrain,Differential,"['Whining noise from rear end', 'Vehicle vibration at high speeds']","[{'step': 'Inspect differential fluid level and condition', 'result': ['Low/dirty fluid', 'Clean/sufficient fluid']}, {'step': 'Check for differential bearing wear', 'result': ['Worn bearings', 'Bearings in good condition']}]",category drivetrain subcategory differential symptoms whining noise from rear end vehicle vibration at high speeds diagnosis steps 1 inspect differential fluid level and condition low dirty fluid clean sufficient fluid 2 check for differential bearing wear worn bearings bearings in good condition
Drivetrain,Live Axle,"['Axle noise while turning', 'Vehicle leans to one side']","[{'step': 'Inspect live axle for cracks or bending', 'result': ['Cracked/bent axle', 'Axle is intact']}, {'step': 'Check axle bearings for wear', 'result': ['Worn bearings', 'Bearings in good condition']}]",category drivetrain subcategory live axle symptoms axle noise while turning vehicle leans to one side diagnosis steps 1 inspect live axle for cracks or bending cracked bent axle axle is intact 2 check axle bearings for wear worn bearings bearings in good condition
Drivetrain,Rigid Axle,"['Vehicle bounces over bumps', 'Loud noise from rear axle']","[{'step': 'Inspect rigid axle for cracks or damage', 'result': ['Cracked/damaged axle', 'Axle in good condition']}, {'step': 'Check axle bearings for wear', 'result': ['Worn bearings', 'Bearings in good condition']}]",category drivetrain subcategory rigid axle symptoms vehicle bounces over bumps loud noise from rear axle diagnosis steps 1 inspect rigid axle for cracks or damage cracked damaged axle axle in good condition 2 check axle bearings for wear worn bearings bearings in good condition
Drivetrain,Slushbox,"['Transmission slipping', 'Delay in gear engagement']","[{'step': 'Check transmission fluid level and condition', 'result': ['Low/dirty fluid', 'Clean/sufficient fluid']}, {'step': 'Inspect transmission for leaks', 'result': ['Leaking transmission', 'No leaks detected']}]",category drivetrain subcategory slushbox symptoms transmission slipping delay in gear engagement diagnosis steps 1 check transmission fluid level and condition low dirty fluid clean sufficient fluid 2 inspect transmission for leaks leaking transmission no leaks detected
Drivetrain,Universal Joint,"['Driveline vibration', 'Clunking noise when shifting']","[{'step': 'Inspect universal joint for wear or play', 'result': ['Worn/play detected', 'Joint in good condition']}, {'step': 'Check driveline alignment', 'result': ['Misaligned driveline', 'Properly aligned driveline']}]",category drivetrain subcategory universal joint symptoms driveline vibration clunking noise when shifting diagnosis steps 1 inspect universal joint for wear or play worn play detected joint in good condition 2 check driveline alignment misaligned driveline properly aligned driveline
Drivetrain,Viscous Coupling,"['Vehicle binding during turns', 'Noise from drivetrain while turning']","[{'step': 'Test viscous coupling operation', 'result': ['Coupling failure', 'Coupling functioning properly']}, {'step': 'Inspect viscous coupling fluid', 'result': ['Low/dirty fluid', 'Clean/sufficient fluid']}]",category drivetrain subcategory viscous coupling symptoms vehicle binding during turns noise from drivetrain while turning diagnosis steps 1 test viscous coupling operation coupling failure coupling functioning properly 2 inspect viscous coupling fluid low dirty fluid clean sufficient fluid
Electrical System,Battery Replacement,"['Engine cranks slowly', 'Clicking sound when starting']","[{'step': 'Test battery voltage', 'result': ['Low voltage', 'Sufficient voltage']}, {'step': 'Inspect battery terminals for corrosion', 'result': ['Corroded terminals', 'Clean terminals']}]",category electrical system subcategory battery replacement symptoms engine cranks slowly clicking sound when starting diagnosis steps 1 test battery voltage low voltage sufficient voltage 2 inspect battery terminals for corrosion corroded terminals clean terminals
Electrical System,Charging System,"['Battery warning light on', 'Dim headlights']","[{'step': 'Test alternator output', 'result': ['Low output', 'Normal output']}, {'step': 'Check alternator belt tension', 'result': ['Loose belt', 'Properly tensioned belt']}]",category electrical system subcategory charging system symptoms battery warning light on dim headlights diagnosis steps 1 test alternator output low output normal output 2 check alternator belt tension loose belt properly tensioned belt
Electrical System,Check Engine Light Diagnosis,"['Check engine light on', 'Poor engine performance']","[{'step': 'Scan for diagnostic trouble codes (DTCs)', 'result': ['DTCs present', 'No DTCs']}, {'step': 'Check sensors related to DTCs', 'result': ['Faulty sensor', 'Sensor working properly']}]",category electrical system subcategory check engine light diagnosis symptoms check engine light on poor engine performance diagnosis steps 1 scan for diagnostic trouble codes dtcs dtcs present no dtcs 2 check sensors related to dtcs faulty sensor sensor working properly
Electrical System,Door Window Motor,"['Window does not move', 'Window moves intermittently']","[{'step': 'Test power to window motor', 'result': ['No power', 'Power present']}, {'step': 'Inspect window regulator for damage', 'result': ['Damaged regulator', 'Regulator intact']}]",category electrical system subcategory door window motor symptoms window does not move window moves intermittently diagnosis steps 1 test power to window motor no power power present 2 inspect window regulator for damage damaged regulator regulator intact
Electrical System,Door Window Regulator,"['Window off track', 'Window stuck in one position']","[{'step': 'Inspect window regulator mechanism', 'result': ['Mechanism jammed', 'Mechanism functioning']}, {'step': 'Check window alignment in tracks', 'result': ['Misaligned window', 'Properly aligned window']}]",category electrical system subcategory door window regulator symptoms window off track window stuck in one position diagnosis steps 1 inspect window regulator mechanism mechanism jammed mechanism functioning 2 check window alignment in tracks misaligned window properly aligned window
Electrical System,Headlamp Bulb,"['Headlight not working', 'Dim headlight']","[{'step': 'Inspect headlamp bulb for filament condition', 'result': ['Burnt out filament', 'Filament intact']}, {'step': 'Check headlamp socket for corrosion', 'result': ['Corroded socket', 'Clean socket']}]",category electrical system subcategory headlamp bulb symptoms headlight not working dim headlight diagnosis steps 1 inspect headlamp bulb for filament condition burnt out filament filament intact 2 check headlamp socket for corrosion corroded socket clean socket
Electrical System,Ignition Distributor Cap,"['Engine misfires', 'Difficulty starting engine']","[{'step': 'Inspect distributor cap for cracks or carbon tracks', 'result': ['Cracked/damaged cap', 'Cap in good condition']}, {'step': 'Check distributor rotor for wear', 'result': ['Worn rotor', 'Rotor in good condition']}]",category electrical system subcategory ignition distributor cap symptoms engine misfires difficulty starting engine diagnosis steps 1 inspect distributor cap for cracks or carbon tracks cracked damaged cap cap in good condition 2 check distributor rotor for wear worn rotor rotor in good condition
Electrical System,Ignition Wire Set,"['Engine misfires', 'Poor fuel economy']","[{'step': 'Test ignition wires for continuity', 'result': ['Broken wire', 'Wires intact']}, {'step': 'Inspect spark plug boots for damage', 'result': ['Damaged boots', 'Intact boots']}]",category electrical system subcategory ignition wire set symptoms engine misfires poor fuel economy diagnosis steps 1 test ignition wires for continuity broken wire wires intact 2 inspect spark plug boots for damage damaged boots intact boots
Electrical System,Power Door Lock Actuator,"['Door lock not responding', 'Clicking sound from door']","[{'step': 'Test power to door lock actuator', 'result': ['No power', 'Power present']}, {'step': 'Inspect actuator mechanism for obstruction', 'result': ['Obstructed mechanism', 'Clear mechanism']}]",category electrical system subcategory power door lock actuator symptoms door lock not responding clicking sound from door diagnosis steps 1 test power to door lock actuator no power power present 2 inspect actuator mechanism for obstruction obstructed mechanism clear mechanism
Electrical System,Starter Motor,"['Engine does not crank', 'Clicking sound when key is turned']","[{'step': 'Test starter motor solenoid', 'result': ['Faulty solenoid', 'Solenoid working properly']}, {'step': 'Inspect starter motor brushes for wear', 'result': ['Worn brushes', 'Brushes in good condition']}]",category electrical system subcategory starter motor symptoms engine does not crank clicking sound when key is turned diagnosis steps 1 test starter motor solenoid faulty solenoid solenoid working properly 2 inspect starter motor brushes for wear worn brushes brushes in good condition
Electrical System,Windshield Washer Pump,"['No washer fluid spray', 'Weak washer fluid spray']","[{'step': 'Test power to washer pump', 'result': ['No power', 'Power present']}, {'step': 'Inspect washer pump for clogs or damage', 'result': ['Clogged/damaged pump', 'Clean/intact pump']}]",category electrical system subcategory windshield washer pump symptoms no washer fluid spray weak washer fluid spray diagnosis steps 1 test power to washer pump no power power present 2 inspect washer pump for clogs or damage clogged damaged pump clean intact pump
Electrical System,Wiper Motor,"['Wipers not working', 'Wipers operate intermittently']","[{'step': 'Test power to wiper motor', 'result': ['No power', 'Power present']}, {'step': 'Inspect wiper motor linkage for wear', 'result': ['Worn linkage', 'Intact linkage']}]",category electrical system subcategory wiper motor symptoms wipers not working wipers operate intermittently diagnosis steps 1 test power to wiper motor no power power present 2 inspect wiper motor linkage for wear worn linkage intact linkage
Emissions System,Canister Purge Valve,"['Check engine light on', 'Rough idle']","[{'step': 'Test canister purge valve operation', 'result': ['Valve stuck open/closed', 'Valve operates correctly']}, {'step': 'Check for leaks in purge valve hoses', 'result': ['Leaking hoses', 'No leaks']}]",category emissions system subcategory canister purge valve symptoms check engine light on rough idle diagnosis steps 1 test canister purge valve operation valve stuck open closed valve operates correctly 2 check for leaks in purge valve hoses leaking hoses no leaks
Emissions System,Catalytic Converter,"['Rotten egg smell from exhaust', 'Check engine light on']","[{'step': 'Inspect catalytic converter for physical damage', 'result': ['Damaged converter', 'Converter intact']}, {'step': 'Check catalytic converter efficiency', 'result': ['Low efficiency', 'High efficiency']}]",category emissions system subcategory catalytic converter symptoms rotten egg smell from exhaust check engine light on diagnosis steps 1 inspect catalytic converter for physical damage damaged converter converter intact 2 check catalytic converter efficiency low efficiency high efficiency
Emissions System,Charcoal Canister,"['Fuel odor from vehicle', 'Check engine light on']","[{'step': 'Test charcoal canister purge valve', 'result': ['Valve stuck open/closed', 'Valve operates correctly']}, {'step': 'Inspect canister for cracks or damage', 'result': ['Cracked/damaged canister', 'Intact canister']}]",category emissions system subcategory charcoal canister symptoms fuel odor from vehicle check engine light on diagnosis steps 1 test charcoal canister purge valve valve stuck open closed valve operates correctly 2 inspect canister for cracks or damage cracked damaged canister intact canister
Emissions System,Exhaust Manifold,"['Loud exhaust noise', 'Exhaust smell in cabin']","[{'step': 'Inspect exhaust manifold for cracks or leaks', 'result': ['Cracked/leaking manifold', 'Intact manifold']}, {'step': 'Check exhaust manifold gasket for leaks', 'result': ['Leaking gasket', 'Good gasket']}]",category emissions system subcategory exhaust manifold symptoms loud exhaust noise exhaust smell in cabin diagnosis steps 1 inspect exhaust manifold for cracks or leaks cracked leaking manifold intact manifold 2 check exhaust manifold gasket for leaks leaking gasket good gasket
Emissions System,Exhaust Manifold Gasket,"['Loud exhaust noise', 'Visible exhaust leaks']","[{'step': 'Inspect exhaust manifold gasket for leaks', 'result': ['Leaking gasket', 'Good gasket']}, {'step': 'Check exhaust manifold bolts for tightness', 'result': ['Loose bolts', 'Tight bolts']}]",category emissions system subcategory exhaust manifold gasket symptoms loud exhaust noise visible exhaust leaks diagnosis steps 1 inspect exhaust manifold gasket for leaks leaking gasket good gasket 2 check exhaust manifold bolts for tightness loose bolts tight bolts
Emissions System,Fuel Tank Pressure Sensor,"['Check engine light on', 'Gas cap warning light']","[{'step': 'Test fuel tank pressure sensor', 'result': ['Faulty sensor', 'Sensor working properly']}, {'step': 'Check fuel tank cap for proper seal', 'result': ['Loose cap', 'Sealed cap']}]",category emissions system subcategory fuel tank pressure sensor symptoms check engine light on gas cap warning light diagnosis steps 1 test fuel tank pressure sensor faulty sensor sensor working properly 2 check fuel tank cap for proper seal loose cap sealed cap
Emissions System,Knock Sensor,"['Engine knocking/pinging', 'Poor fuel economy']","[{'step': 'Test knock sensor operation', 'result': ['Faulty sensor', 'Sensor working properly']}, {'step': 'Inspect for engine misfire codes', 'result': ['Misfire codes present', 'No misfire codes']}]",category emissions system subcategory knock sensor symptoms engine knocking pinging poor fuel economy diagnosis steps 1 test knock sensor operation faulty sensor sensor working properly 2 inspect for engine misfire codes misfire codes present no misfire codes
Emissions System,M.A.P. Sensor,"['Check engine light on', 'Rough idle']","[{'step': 'Test M.A.P. sensor voltage', 'result': ['Low voltage', 'Normal voltage']}, {'step': 'Inspect M.A.P. sensor vacuum hose', 'result': ['Leaking hose', 'Intact hose']}]",category emissions system subcategory m a p sensor symptoms check engine light on rough idle diagnosis steps 1 test m a p sensor voltage low voltage normal voltage 2 inspect m a p sensor vacuum hose leaking hose intact hose
Emissions System,Oxygen Sensor,"['Check engine light on', 'Poor fuel economy']","[{'step': 'Test oxygen sensor voltage', 'result': ['Low voltage', 'Normal voltage']}, {'step': 'Inspect oxygen sensor wiring for damage', 'result': ['Damaged wiring', 'Intact wiring']}]",category emissions system subcategory oxygen sensor symptoms check engine light on poor fuel economy diagnosis steps 1 test oxygen sensor voltage low voltage normal voltage 2 inspect oxygen sensor wiring for damage damaged wiring intact wiring
Engine Components,Balance Shaft,"['Engine vibration', 'Rough idle']","[{'step': 'Inspect balance shaft for wear or damage', 'result': ['Worn/damaged shaft', 'Shaft in good condition']}, {'step': 'Check balance shaft alignment', 'result': ['Misaligned shaft', 'Properly aligned shaft']}]",category engine components subcategory balance shaft symptoms engine vibration rough idle diagnosis steps 1 inspect balance shaft for wear or damage worn damaged shaft shaft in good condition 2 check balance shaft alignment misaligned shaft properly aligned shaft
Engine Components,Boost Pressure,"['Loss of power', 'Turbo lag']","[{'step': 'Check boost pressure with gauge', 'result': ['Low boost pressure', 'Normal boost pressure']}, {'step': 'Inspect intercooler for leaks or damage', 'result': ['Leaking/damaged intercooler', 'Intact intercooler']}]",category engine components subcategory boost pressure symptoms loss of power turbo lag diagnosis steps 1 check boost pressure with gauge low boost pressure normal boost pressure 2 inspect intercooler for leaks or damage leaking damaged intercooler intact intercooler
Engine Components,Diesel Injection Pump,"['Engine misfires', 'Black smoke from exhaust']","[{'step': 'Test diesel injection pump pressure', 'result': ['Low pressure', 'Normal pressure']}, {'step': 'Inspect diesel injectors for leaks or clogs', 'result': ['Leaking/clogged injectors', 'Clean/in-tolerance injectors']}]",category engine components subcategory diesel injection pump symptoms engine misfires black smoke from exhaust diagnosis steps 1 test diesel injection pump pressure low pressure normal pressure 2 inspect diesel injectors for leaks or clogs leaking clogged injectors clean in tolerance injectors
Engine Components,Diesel Glow Plug,"['Hard starting in cold weather', 'Glow plug indicator light stays on']","[{'step': 'Test glow plug resistance', 'result': ['High resistance', 'Normal resistance']}, {'step': 'Inspect glow plug for carbon buildup', 'result': ['Carbon buildup', 'Clean plug']}]",category engine components subcategory diesel glow plug symptoms hard starting in cold weather glow plug indicator light stays on diagnosis steps 1 test glow plug resistance high resistance normal resistance 2 inspect glow plug for carbon buildup carbon buildup clean plug
Engine Components,Engine Mounts,"['Excessive engine movement', 'Clunking noise when accelerating']","[{'step': 'Inspect engine mounts for wear or damage', 'result': ['Worn/damaged mounts', 'Mounts in good condition']}, {'step': 'Check mounting bolts for tightness', 'result': ['Loose bolts', 'Tight bolts']}]",category engine components subcategory engine mounts symptoms excessive engine movement clunking noise when accelerating diagnosis steps 1 inspect engine mounts for wear or damage worn damaged mounts mounts in good condition 2 check mounting bolts for tightness loose bolts tight bolts
Engine Components,Exhaust Valve,"['Engine misfires', 'Rough idle']","[{'step': 'Inspect exhaust valve for carbon buildup', 'result': ['Buildup on valve', 'Clean valve']}, {'step': 'Check valve clearance', 'result': ['Incorrect clearance', 'Correct clearance']}]",category engine components subcategory exhaust valve symptoms engine misfires rough idle diagnosis steps 1 inspect exhaust valve for carbon buildup buildup on valve clean valve 2 check valve clearance incorrect clearance correct clearance
Engine Components,Fuel Injector,"['Engine misfires', 'Poor fuel economy']","[{'step': 'Test fuel injector spray pattern', 'result': ['Irregular spray pattern', 'Uniform spray pattern']}, {'step': 'Inspect injector for leaks or clogs', 'result': ['Leaking/clogged injector', 'Clean/in-tolerance injector']}]",category engine components subcategory fuel injector symptoms engine misfires poor fuel economy diagnosis steps 1 test fuel injector spray pattern irregular spray pattern uniform spray pattern 2 inspect injector for leaks or clogs leaking clogged injector clean in tolerance injector
Engine Components,Idle Air Control Valve,"['Erratic idle speed', 'Stalling at idle']","[{'step': 'Test IAC valve for proper operation', 'result': ['Valve stuck open/closed', 'Valve operates correctly']}, {'step': 'Clean throttle body and IAC valve', 'result': ['Dirty components', 'Clean components']}]",category engine components subcategory idle air control valve symptoms erratic idle speed stalling at idle diagnosis steps 1 test iac valve for proper operation valve stuck open closed valve operates correctly 2 clean throttle body and iac valve dirty components clean components
Engine Components,Intake Valve,"['Engine misfires', 'Rough idle']","[{'step': 'Inspect intake valve for carbon buildup', 'result': ['Buildup on valve', 'Clean valve']}, {'step': 'Check valve clearance', 'result': ['Incorrect clearance', 'Correct clearance']}]",category engine components subcategory intake valve symptoms engine misfires rough idle diagnosis steps 1 inspect intake valve for carbon buildup buildup on valve clean valve 2 check valve clearance incorrect clearance correct clearance
Engine Components,Oil Pump,"['Low oil pressure warning light', 'Engine knocking noise']","[{'step': 'Test oil pressure with gauge', 'result': ['Low oil pressure', 'Normal oil pressure']}, {'step': 'Inspect oil pump for wear or damage', 'result': ['Worn/damaged pump', 'Pump in good condition']}]",category engine components subcategory oil pump symptoms low oil pressure warning light engine knocking noise diagnosis steps 1 test oil pressure with gauge low oil pressure normal oil pressure 2 inspect oil pump for wear or damage worn damaged pump pump in good condition
Engine Components,Piston Rings,"['Blue smoke from exhaust', 'Loss of engine power']","[{'step': 'Perform compression test', 'result': ['Low compression', 'Good compression']}, {'step': 'Inspect piston rings for wear or damage', 'result': ['Worn/damaged rings', 'Rings in good condition']}]",category engine components subcategory piston rings symptoms blue smoke from exhaust loss of engine power diagnosis steps 1 perform compression test low compression good compression 2 inspect piston rings for wear or damage worn damaged rings rings in good condition
Engine Components,Timing Belt,"['Engine misfires', ""Engine won't start""]","[{'step': 'Inspect timing belt for wear or damage', 'result': ['Worn/damaged belt', 'Belt in good condition']}, {'step': 'Check timing marks for alignment', 'result': ['Misaligned timing marks', 'Properly aligned marks']}]",category engine components subcategory timing belt symptoms engine misfires engine won t start diagnosis steps 1 inspect timing belt for wear or damage worn damaged belt belt in good condition 2 check timing marks for alignment misaligned timing marks properly aligned marks
Engine Components,Valve Cover Gasket,"['Oil leak around valve cover', 'Burning oil smell from engine bay']","[{'step': 'Inspect valve cover gasket for leaks', 'result': ['Leaking gasket', 'Good gasket seal']}, {'step': 'Check valve cover bolts for tightness', 'result': ['Loose bolts', 'Tight bolts']}]",category engine components subcategory valve cover gasket symptoms oil leak around valve cover burning oil smell from engine bay diagnosis steps 1 inspect valve cover gasket for leaks leaking gasket good gasket seal 2 check valve cover bolts for tightness loose bolts tight bolts
Engine Components,Fan Belt,"['Engine overheating', 'Squealing noise from engine bay']","[{'step': 'Inspect fan belt for cuts or wear', 'result': ['Cut/worn belt', 'Belt in good condition']}, {'step': 'Check belt tension and alignment', 'result': ['Loose/misaligned belt', 'Properly tensioned/aligned belt']}]",category engine components subcategory fan belt symptoms engine overheating squealing noise from engine bay diagnosis steps 1 inspect fan belt for cuts or wear cut worn belt belt in good condition 2 check belt tension and alignment loose misaligned belt properly tensioned aligned belt
Electrical System,Horn,['No sound when horn button pressed'],"[{'step': 'Check horn fuse', 'result': ['Blown fuse', 'Fuse intact']}, {'step': 'Test horn relay for operation', 'result': ['Faulty relay', 'Relay working properly']}]",category electrical system subcategory horn symptoms no sound when horn button pressed diagnosis steps 1 check horn fuse blown fuse fuse intact 2 test horn relay for operation faulty relay relay working properly
Electrical System,Battery Charging,"['Battery warning light on', 'Low voltage']","[{'step': 'Test battery voltage', 'result': ['Low voltage', 'Normal voltage']}, {'step': 'Inspect alternator for proper operation', 'result': ['Faulty alternator', 'Alternator working correctly']}]",category electrical system subcategory battery charging symptoms battery warning light on low voltage diagnosis steps 1 test battery voltage low voltage normal voltage 2 inspect alternator for proper operation faulty alternator alternator working correctly
Engine Components,Engine Belt,"['Engine performance issues', 'Squealing noise from engine bay']","[{'step': 'Inspect engine belt for cuts or wear', 'result': ['Cut/worn belt', 'Belt in good condition']}, {'step': 'Check belt tension and alignment', 'result': ['Loose/misaligned belt', 'Properly tensioned/aligned belt']}]",category engine components subcategory engine belt symptoms engine performance issues squealing noise from engine bay diagnosis steps 1 inspect engine belt for cuts or wear cut worn belt belt in good condition 2 check belt tension and alignment loose misaligned belt properly tensioned aligned belt
Steering,Steering Noise,['Noise when turning steering wheel'],"[{'step': 'Inspect power steering fluid level', 'result': ['Low fluid level', 'Sufficient fluid level']}, {'step': 'Check power steering pump and hoses for leaks', 'result': ['Leaking pump/hoses', 'Pump and hoses in good condition']}]",category steering subcategory steering noise symptoms noise when turning steering wheel diagnosis steps 1 inspect power steering fluid level low fluid level sufficient fluid level 2 check power steering pump and hoses for leaks leaking pump hoses pump and hoses in good condition
Drivetrain,Shaft and Tires,"['Uneven tire wear', 'Vibration while driving']","[{'step': 'Inspect shaft for balance and alignment', 'result': ['Imbalanced/misaligned shaft', 'Properly balanced/aligned shaft']}, {'step': 'Check tire pressure and condition', 'result': ['Low/inappropriate pressure', 'Correct tire pressure and condition']}]",category drivetrain subcategory shaft and tires symptoms uneven tire wear vibration while driving diagnosis steps 1 inspect shaft for balance and alignment imbalanced misaligned shaft properly balanced aligned shaft 2 check tire pressure and condition low inappropriate pressure correct tire pressure and condition
Engine Compartment,Air Filter,"['Decreased engine performance', 'Black smoke from exhaust']","[{'step': 'Inspect air filter for clogs or dirt', 'result': ['Clogged/dirty filter', 'Clean filter']}, {'step': 'Replace air filter if necessary', 'result': ['Replace filter', 'Filter in good condition']}]",category engine compartment subcategory air filter symptoms decreased engine performance black smoke from exhaust diagnosis steps 1 inspect air filter for clogs or dirt clogged dirty filter clean filter 2 replace air filter if necessary replace filter filter in good condition
Engine Compartment,Engine Control Unit (ECU),"['Engine misfires', 'Poor fuel economy']","[{'step': 'Check ECU for fault codes', 'result': ['Fault codes present', 'No fault codes']}, {'step': 'Inspect ECU wiring harness for damage', 'result': ['Damaged harness', 'Intact harness']}]",category engine compartment subcategory engine control unit ecu symptoms engine misfires poor fuel economy diagnosis steps 1 check ecu for fault codes fault codes present no fault codes 2 inspect ecu wiring harness for damage damaged harness intact harness
Engine Compartment,Engine Oil,"['Low oil pressure warning light', 'Loud engine noise']","[{'step': 'Check engine oil level and condition', 'result': ['Low/dirty oil', 'Clean/sufficient oil']}, {'step': 'Inspect for oil leaks', 'result': ['Oil leaks present', 'No leaks detected']}]",category engine compartment subcategory engine oil symptoms low oil pressure warning light loud engine noise diagnosis steps 1 check engine oil level and condition low dirty oil clean sufficient oil 2 inspect for oil leaks oil leaks present no leaks detected
Engine Compartment,Fuel Filter,"['Engine stalls at high speeds', 'Poor acceleration']","[{'step': 'Inspect fuel filter for clogs or debris', 'result': ['Clogged/dirty filter', 'Clean filter']}, {'step': 'Replace fuel filter if necessary', 'result': ['Replace filter', 'Filter in good condition']}]",category engine compartment subcategory fuel filter symptoms engine stalls at high speeds poor acceleration diagnosis steps 1 inspect fuel filter for clogs or debris clogged dirty filter clean filter 2 replace fuel filter if necessary replace filter filter in good condition
Engine Compartment,PCV Valve,"['Oil leaks', 'Rough idle']","[{'step': 'Inspect PCV valve for clogs', 'result': ['Clogged valve', 'Valve clear']}, {'step': 'Check PCV valve hose for cracks', 'result': ['Cracked hose', 'Intact hose']}]",category engine compartment subcategory pcv valve symptoms oil leaks rough idle diagnosis steps 1 inspect pcv valve for clogs clogged valve valve clear 2 check pcv valve hose for cracks cracked hose intact hose
Engine Compartment,Throttle Body,"['Poor acceleration', 'Stalling at idle']","[{'step': 'Inspect throttle body for carbon buildup', 'result': ['Buildup present', 'Clean throttle body']}, {'step': 'Test throttle position sensor (TPS)', 'result': ['Faulty TPS', 'TPS working correctly']}]",category engine compartment subcategory throttle body symptoms poor acceleration stalling at idle diagnosis steps 1 inspect throttle body for carbon buildup buildup present clean throttle body 2 test throttle position sensor tps faulty tps tps working correctly
Fuel System,Fuel Injector,"['Engine misfires', 'Poor fuel economy']","[{'step': 'Test fuel injector spray pattern', 'result': ['Irregular spray pattern', 'Uniform spray pattern']}, {'step': 'Inspect injector for leaks or clogs', 'result': ['Leaking/clogged injector', 'Clean/in-tolerance injector']}]",category fuel system subcategory fuel injector symptoms engine misfires poor fuel economy diagnosis steps 1 test fuel injector spray pattern irregular spray pattern uniform spray pattern 2 inspect injector for leaks or clogs leaking clogged injector clean in tolerance injector
Fuel System,Fuel Pressure Regulator,"['Engine stalls', 'Black smoke from exhaust']","[{'step': 'Test fuel pressure regulator operation', 'result': ['Regulator malfunction', 'Regulator functions correctly']}, {'step': 'Check fuel pressure at regulator', 'result': ['Low/high pressure', 'Correct pressure']}]",category fuel system subcategory fuel pressure regulator symptoms engine stalls black smoke from exhaust diagnosis steps 1 test fuel pressure regulator operation regulator malfunction regulator functions correctly 2 check fuel pressure at regulator low high pressure correct pressure
Fuel System,Fuel Pump,"['Engine sputters at high speeds', 'Loss of power']","[{'step': 'Test fuel pump pressure', 'result': ['Low pressure', 'Normal pressure']}, {'step': 'Inspect fuel pump for leaks or damage', 'result': ['Leaking/damaged pump', 'Intact pump']}]",category fuel system subcategory fuel pump symptoms engine sputters at high speeds loss of power diagnosis steps 1 test fuel pump pressure low pressure normal pressure 2 inspect fuel pump for leaks or damage leaking damaged pump intact pump
Fuel System,Fuel Tank,"['Fuel odor inside vehicle', 'Visible fuel leak under vehicle']","[{'step': 'Inspect fuel tank for leaks or damage', 'result': ['Leaking/damaged tank', 'Tank in good condition']}, {'step': 'Check fuel filler cap for seal', 'result': ['Loose/broken cap', 'Cap seals properly']}]",category fuel system subcategory fuel tank symptoms fuel odor inside vehicle visible fuel leak under vehicle diagnosis steps 1 inspect fuel tank for leaks or damage leaking damaged tank tank in good condition 2 check fuel filler cap for seal loose broken cap cap seals properly
Fuel System,Throttle Position Sensor,"['Engine hesitates on acceleration', 'Stalling at idle']","[{'step': 'Test throttle position sensor (TPS) voltage', 'result': ['Low voltage', 'Normal voltage']}, {'step': 'Inspect TPS wiring for damage or corrosion', 'result': ['Damaged/corroded wiring', 'Intact wiring']}]",category fuel system subcategory throttle position sensor symptoms engine hesitates on acceleration stalling at idle diagnosis steps 1 test throttle position sensor tps voltage low voltage normal voltage 2 inspect tps wiring for damage or corrosion damaged corroded wiring intact wiring
Liquid Systems,Brake Fluid,"['Soft brake pedal', 'Brake warning light on']","[{'step': 'Check brake fluid level and condition', 'result': ['Low/dirty fluid', 'Clean/sufficient fluid']}, {'step': 'Inspect brake lines for leaks', 'result': ['Leaking lines', 'Lines in good condition']}]",category liquid systems subcategory brake fluid symptoms soft brake pedal brake warning light on diagnosis steps 1 check brake fluid level and condition low dirty fluid clean sufficient fluid 2 inspect brake lines for leaks leaking lines lines in good condition
Liquid Systems,Coolant Reservoir,"['Engine overheating', 'Low coolant warning light']","[{'step': 'Check coolant level in reservoir', 'result': ['Low coolant level', 'Sufficient coolant level']}, {'step': 'Inspect reservoir for cracks or leaks', 'result': ['Cracked/leaking reservoir', 'Intact reservoir']}]",category liquid systems subcategory coolant reservoir symptoms engine overheating low coolant warning light diagnosis steps 1 check coolant level in reservoir low coolant level sufficient coolant level 2 inspect reservoir for cracks or leaks cracked leaking reservoir intact reservoir
Liquid Systems,Power Steering Fluid,"['Whining noise when turning', 'Stiff steering wheel']","[{'step': 'Check power steering fluid level', 'result': ['Low fluid level', 'Sufficient fluid level']}, {'step': 'Inspect power steering hoses for leaks', 'result': ['Leaking hoses', 'Hoses in good condition']}]",category liquid systems subcategory power steering fluid symptoms whining noise when turning stiff steering wheel diagnosis steps 1 check power steering fluid level low fluid level sufficient fluid level 2 inspect power steering hoses for leaks leaking hoses hoses in good condition
Liquid Systems,Radiator,"['Engine overheating', 'Coolant leak']","[{'step': 'Inspect radiator for leaks or damage', 'result': ['Leaking/damaged radiator', 'Radiator in good condition']}, {'step': 'Check radiator cap for proper seal', 'result': ['Loose/broken cap', 'Cap seals properly']}]",category liquid systems subcategory radiator symptoms engine overheating coolant leak diagnosis steps 1 inspect radiator for leaks or damage leaking damaged radiator radiator in good condition 2 check radiator cap for proper seal loose broken cap cap seals properly
Liquid Systems,Windshield Washer Fluid,"['No washer fluid spray', 'Weak washer fluid spray']","[{'step': 'Check washer fluid level', 'result': ['Low fluid level', 'Sufficient fluid level']}, {'step': 'Inspect washer fluid pump for operation', 'result': ['Faulty pump', 'Pump operates correctly']}]",category liquid systems subcategory windshield washer fluid symptoms no washer fluid spray weak washer fluid spray diagnosis steps 1 check washer fluid level low fluid level sufficient fluid level 2 inspect washer fluid pump for operation faulty pump pump operates correctly
Transmission,Clutch Master Cylinder,"['Soft clutch pedal', 'Clutch slipping']","[{'step': 'Check clutch fluid level', 'result': ['Low fluid level', 'Sufficient fluid level']}, {'step': 'Inspect master cylinder for leaks', 'result': ['Leaking cylinder', 'Cylinder in good condition']}]",category transmission subcategory clutch master cylinder symptoms soft clutch pedal clutch slipping diagnosis steps 1 check clutch fluid level low fluid level sufficient fluid level 2 inspect master cylinder for leaks leaking cylinder cylinder in good condition
Transmission,Torque Converter,"['Slipping gears', 'Shuddering during acceleration']","[{'step': 'Inspect torque converter for leaks or damage', 'result': ['Leaking/damaged converter', 'Converter in good condition']}, {'step': 'Check transmission fluid level and condition', 'result': ['Low/dirty fluid', 'Clean/sufficient fluid']}]",category transmission subcategory torque converter symptoms slipping gears shuddering during acceleration diagnosis steps 1 inspect torque converter for leaks or damage leaking damaged converter converter in good condition 2 check transmission fluid level and condition low dirty fluid clean sufficient fluid
Transmission,Transmission Fluid,"['Gears slipping', 'Transmission overheating']","[{'step': 'Check transmission fluid level and condition', 'result': ['Low/dirty fluid', 'Clean/sufficient fluid']}, {'step': 'Inspect transmission pan and seals for leaks', 'result': ['Leaking pan/seals', 'Pan/seals in good condition']}]",category transmission subcategory transmission fluid symptoms gears slipping transmission overheating diagnosis steps 1 check transmission fluid level and condition low dirty fluid clean sufficient fluid 2 inspect transmission pan and seals for leaks leaking pan seals pan seals in good condition
Transmission,Transmission Filter,"['Delayed shifting', 'Transmission slipping']","[{'step': 'Inspect transmission filter for clogs or debris', 'result': ['Clogged/dirty filter', 'Clean filter']}, {'step': 'Replace transmission filter if necessary', 'result': ['Replace filter', 'Filter in good condition']}]",category transmission subcategory transmission filter symptoms delayed shifting transmission slipping diagnosis steps 1 inspect transmission filter for clogs or debris clogged dirty filter clean filter 2 replace transmission filter if necessary replace filter filter in good condition
Transmission,Transmission Solenoid,"['Erratic shifting', ""Transmission won't shift gears""]","[{'step': 'Test transmission solenoids for electrical continuity', 'result': ['Faulty solenoid', 'Solenoid working correctly']}, {'step': 'Inspect wiring harness for damage or corrosion', 'result': ['Damaged/corroded wiring', 'Intact wiring']}]",category transmission subcategory transmission solenoid symptoms erratic shifting transmission won t shift gears diagnosis steps 1 test transmission solenoids for electrical continuity faulty solenoid solenoid working correctly 2 inspect wiring harness for damage or corrosion damaged corroded wiring intact wiring
Wheels & Tires,Wheel Bearing,"['Grinding noise from wheels', 'Uneven tire wear']","[{'step': 'Check wheel bearing for play', 'result': ['Loose/worn bearing', 'Bearing in good condition']}, {'step': 'Inspect bearing for signs of damage or corrosion', 'result': ['Damaged/corroded bearing', 'Clean/intact bearing']}]",category wheels tires subcategory wheel bearing symptoms grinding noise from wheels uneven tire wear diagnosis steps 1 check wheel bearing for play loose worn bearing bearing in good condition 2 inspect bearing for signs of damage or corrosion damaged corroded bearing clean intact bearing
Wheels & Tires,Tire Pressure Monitoring System (TPMS),"['TPMS warning light on', 'Low tire pressure']","[{'step': 'Check tire pressures with gauge', 'result': ['Low/high pressure', 'Correct pressure']}, {'step': 'Inspect TPMS sensors for damage or corrosion', 'result': ['Damaged/corroded sensors', 'Clean/intact sensors']}]",category wheels tires subcategory tire pressure monitoring system tpms symptoms tpms warning light on low tire pressure diagnosis steps 1 check tire pressures with gauge low high pressure correct pressure 2 inspect tpms sensors for damage or corrosion damaged corroded sensors clean intact sensors
Wheels & Tires,Wheel Hub,"['Clicking or popping noise when turning', 'Wheel wobbling']","[{'step': 'Inspect wheel hub for play or bearing noise', 'result': ['Loose/worn hub', 'Hub in good condition']}, {'step': 'Check wheel bearings for wear', 'result': ['Worn bearings', 'Bearings in good condition']}]",category wheels tires subcategory wheel hub symptoms clicking or popping noise when turning wheel wobbling diagnosis steps 1 inspect wheel hub for play or bearing noise loose worn hub hub in good condition 2 check wheel bearings for wear worn bearings bearings in good condition
